region,timePeriod,allocatedVaccines
11,3,3.7075685071922493
16,0,0.20704972625374932
22,1,0.039535905266041525
25,2,0.09912082404372205
29,3,0.0599596666873733
29,4,0.11515033757141177
39,1,0.11053819159316586
42,0,1.6505771961905757
46,3,5.033318178313492
49,3,4.845490554167828
55,3,3.2378934181069607
56,2,4.863853202048024
62,1,0.02229750179571883
66,3,0.40716361078167745
